Plant,Leaves
D1bS1 (1).jpg,3
D1bS1 (2).jpg,3
D1bS1 (3).jpg,4
D1bS1 (4).jpg,3
D1bS1 (5).jpg,4
D1bS1 (6).jpg,3
D1bS1 (7).jpg,3
D1bS1 (8).jpg,3
D1bS1 (9).jpg,3
D1bS1 (10).jpg,3
D1bS1 (11).jpg,3
D1bS1 (12).jpg,3
D1bS1 (13).jpg,3
D1bS1 (14).jpg,3
D1bS1 (15).jpg,3
D1bS1 (16).jpg,3
D1bS1 (17).jpg,3
D1bS1 (18).jpg,3
D1bS1 (19).jpg,4
D1bS1 (20).jpg,3
D1bS1 (21).jpg,3
D1bS1 (22).jpg,3
D1bS1 (23).jpg,4
D1bS1 (24).jpg,3
D1bS1 (25).jpg,3
D1bS1 (26).jpg,3
D1bS1 (27).jpg,3
D1bS1 (28).jpg,3
D1bS1 (29).jpg,3
D1bS1 (30).jpg,3
D1bS1 (31).jpg,3
D1bS1 (32).jpg,3
D1bS1 (33).jpg,3
D1bS1 (34).jpg,3
D1bS1 (35).jpg,3
D1bS1 (36).jpg,3
D1bS1 (37).jpg,3
D1bS1 (38).jpg,3
D1bS1 (39).jpg,3
D1bS1 (40).jpg,3
D1bS1 (41).jpg,3
D1bS1 (42).jpg,3
D1bS1 (43).jpg,3
D1bS1 (44).jpg,3
D1bS1 (45).jpg,3
D1bS1 (46).jpg,3
D1bS1 (47).jpg,3
D1bS1 (48).jpg,3
D1bS1 (49).jpg,3
D1bS1 (50).jpg,3
D1bS1 (51).jpg,3
D1bS1 (52).jpg,3
D1bS1 (53).jpg,3
D1bS1 (54).jpg,3
D1bS1 (55).jpg,3
D1bS1 (56).jpg,3
D1bS1 (57).jpg,3
D1bS1 (58).jpg,3
D1bS1 (59).jpg,3
D1bS1 (60).jpg,3
D1bS1 (61).jpg,3
D1bS1 (62).jpg,3
D1bS1 (63).jpg,3
D1bS1 (64).jpg,3
D1bS1 (65).jpg,3
D1bS1 (66).jpg,3
D1bS1 (67).jpg,3
D1bS1 (68).jpg,3
D1bS1 (69).jpg,3
D1bS1 (70).jpg,3
D1bS1 (71).jpg,3
D1bS1 (72).jpg,3
D1bS1 (73).jpg,3
D1bS1 (74).jpg,3
D1bS1 (75).jpg,3
D1bS1 (76).jpg,3
D1bS1 (77).jpg,4
D1bS1 (78).jpg,3
D1bS1 (79).jpg,4
D1bS1 (80).jpg,3
D2bS1 (1).jpg,4
D2bS1 (2).jpg,4
D2bS1 (3).jpg,4
D2bS1 (4).jpg,3
D2bS1 (5).jpg,4
D2bS1 (6).jpg,4
D2bS1 (7).jpg,4
D2bS1 (8).jpg,4
D2bS1 (9).jpg,4
D2bS1 (10).jpg,3
D2bS1 (11).jpg,4
D2bS1 (12).jpg,3
D2bS1 (13).jpg,3
D2bS1 (14).jpg,4
D2bS1 (15).jpg,4
D2bS1 (16).jpg,4
D2bS1 (17).jpg,3
D2bS1 (18).jpg,4
D2bS1 (19).jpg,4
D2bS1 (20).jpg,4
D2bS1 (21).jpg,4
D2bS1 (22).jpg,4
D2bS1 (23).jpg,4
D2bS1 (24).jpg,4
D2bS1 (25).jpg,4
D2bS1 (26).jpg,4
D2bS1 (27).jpg,4
D2bS1 (28).jpg,4
D2bS1 (29).jpg,4
D2bS1 (30).jpg,3
D2bS1 (31).jpg,4
D2bS1 (32).jpg,4
D2bS1 (33).jpg,4
D2bS1 (34).jpg,3
D2bS1 (35).jpg,4
D2bS1 (36).jpg,4
D2bS1 (37).jpg,4
D2bS1 (38).jpg,4
D2bS1 (39).jpg,4
D2bS1 (40).jpg,4
D2bS1 (41).jpg,3
D2bS1 (42).jpg,3
D2bS1 (43).jpg,4
D2bS1 (44).jpg,3
D2bS1 (45).jpg,4
D2bS1 (46).jpg,4
D2bS1 (47).jpg,3
D2bS1 (48).jpg,4
D2bS1 (49).jpg,4
D2bS1 (50).jpg,4
D2bS1 (51).jpg,2
D2bS1 (52).jpg,3
D2bS1 (53).jpg,3
D2bS1 (54).jpg,4
D2bS1 (55).jpg,4
D2bS1 (56).jpg,3
D2bS1 (57).jpg,3
D2bS1 (58).jpg,4
D2bS1 (59).jpg,4
D2bS1 (60).jpg,3
D2bS1 (61).jpg,4
D2bS1 (62).jpg,3
D2bS1 (63).jpg,3
D2bS1 (64).jpg,3
D2bS1 (65).jpg,4
D2bS1 (66).jpg,4
D2bS1 (67).jpg,4
D2bS1 (68).jpg,4
D2bS1 (69).jpg,4
D2bS1 (70).jpg,4
D2bS1 (71).jpg,4
D2bS1 (72).jpg,4
D2bS1 (73).jpg,4
D2bS1 (74).jpg,3
D2bS1 (75).jpg,4
D2bS1 (76).jpg,4
D2bS1 (77).jpg,4
D2bS1 (78).jpg,4
D2bS1 (79).jpg,4
D2bS1 (80).jpg,3
D3bS1 (1).jpg,4
D3bS1 (2).jpg,4
D3bS1 (3).jpg,4
D3bS1 (4).jpg,4
D3bS1 (5).jpg,4
D3bS1 (6).jpg,4
D3bS1 (7).jpg,4
D3bS1 (8).jpg,4
D3bS1 (9).jpg,4
D3bS1 (10).jpg,4
D3bS1 (11).jpg,4
D3bS1 (12).jpg,4
D3bS1 (13).jpg,4
D3bS1 (14).jpg,4
D3bS1 (15).jpg,4
D3bS1 (16).jpg,4
D3bS1 (17).jpg,4
D3bS1 (18).jpg,4
D3bS1 (19).jpg,4
D3bS1 (20).jpg,4
D3bS1 (21).jpg,4
D3bS1 (22).jpg,4
D3bS1 (23).jpg,4
D3bS1 (24).jpg,4
D3bS1 (25).jpg,4
D3bS1 (26).jpg,4
D3bS1 (27).jpg,4
D3bS1 (28).jpg,4
D3bS1 (29).jpg,4
D3bS1 (30).jpg,4
D3bS1 (31).jpg,4
D3bS1 (32).jpg,4
D3bS1 (33).jpg,4
D3bS1 (34).jpg,4
D3bS1 (35).jpg,4
D3bS1 (36).jpg,4
D3bS1 (37).jpg,4
D3bS1 (38).jpg,4
D3bS1 (39).jpg,4
D3bS1 (40).jpg,4
D3bS1 (41).jpg,4
D3bS1 (42).jpg,4
D3bS1 (43).jpg,4
D3bS1 (44).jpg,4
D3bS1 (45).jpg,4
D3bS1 (46).jpg,4
D3bS1 (47).jpg,4
D3bS1 (48).jpg,4
D3bS1 (49).jpg,4
D3bS1 (50).jpg,4
D3bS1 (51).jpg,4
D3bS1 (52).jpg,4
D3bS1 (53).jpg,4
D3bS1 (54).jpg,4
D3bS1 (55).jpg,4
D3bS1 (56).jpg,4
D3bS1 (57).jpg,4
D3bS1 (58).jpg,4
D3bS1 (59).jpg,4
D3bS1 (60).jpg,4
D3bS1 (61).jpg,4
D3bS1 (62).jpg,4
D3bS1 (63).jpg,4
D3bS1 (64).jpg,4
D3bS1 (65).jpg,4
D3bS1 (66).jpg,4
D3bS1 (67).jpg,4
D3bS1 (68).jpg,4
D3bS1 (69).jpg,4
D3bS1 (70).jpg,4
D3bS1 (71).jpg,4
D3bS1 (72).jpg,4
D3bS1 (73).jpg,4
D3bS1 (74).jpg,4
D3bS1 (75).jpg,4
D3bS1 (76).jpg,4
D3bS1 (77).jpg,4
D3bS1 (78).jpg,4
D3bS1 (79).jpg,4
D3bS1 (80).jpg,4
D4bS1 (1).jpg,4
D4bS1 (2).jpg,4
D4bS1 (3).jpg,4
D4bS1 (4).jpg,4
D4bS1 (5).jpg,4
D4bS1 (6).jpg,4
D4bS1 (7).jpg,4
D4bS1 (8).jpg,4
D4bS1 (9).jpg,4
D4bS1 (10).jpg,4
D4bS1 (11).jpg,4
D4bS1 (12).jpg,4
D4bS1 (13).jpg,4
D4bS1 (14).jpg,4
D4bS1 (15).jpg,4
D4bS1 (16).jpg,4
D4bS1 (17).jpg,4
D4bS1 (18).jpg,4
D4bS1 (19).jpg,4
D4bS1 (20).jpg,4
D4bS1 (21).jpg,4
D4bS1 (22).jpg,4
D4bS1 (23).jpg,4
D4bS1 (24).jpg,4
D4bS1 (25).jpg,4
D4bS1 (26).jpg,4
D4bS1 (27).jpg,4
D4bS1 (28).jpg,4
D4bS1 (29).jpg,4
D4bS1 (30).jpg,4
D4bS1 (31).jpg,4
D4bS1 (32).jpg,4
D4bS1 (33).jpg,4
D4bS1 (34).jpg,4
D4bS1 (35).jpg,4
D4bS1 (36).jpg,4
D4bS1 (37).jpg,4
D4bS1 (38).jpg,4
D4bS1 (39).jpg,4
D4bS1 (40).jpg,4
D4bS1 (41).jpg,4
D4bS1 (42).jpg,4
D4bS1 (43).jpg,4
D4bS1 (44).jpg,4
D4bS1 (45).jpg,4
D4bS1 (46).jpg,4
D4bS1 (47).jpg,4
D4bS1 (48).jpg,4
D4bS1 (49).jpg,4
D4bS1 (50).jpg,4
D4bS1 (51).jpg,4
D4bS1 (52).jpg,4
D4bS1 (53).jpg,4
D4bS1 (54).jpg,4
D4bS1 (55).jpg,4
D4bS1 (56).jpg,4
D4bS1 (57).jpg,4
D4bS1 (58).jpg,4
D4bS1 (59).jpg,4
D4bS1 (60).jpg,4
D4bS1 (61).jpg,4
D4bS1 (62).jpg,4
D4bS1 (63).jpg,4
D4bS1 (64).jpg,4
D4bS1 (65).jpg,4
D4bS1 (66).jpg,4
D4bS1 (67).jpg,4
D4bS1 (68).jpg,4
D4bS1 (69).jpg,4
D4bS1 (70).jpg,4
D4bS1 (71).jpg,4
D4bS1 (72).jpg,4
D4bS1 (73).jpg,5
D4bS1 (74).jpg,4
D4bS1 (75).jpg,5
D4bS1 (76).jpg,4
D4bS1 (77).jpg,4
D4bS1 (78).jpg,4
D4bS1 (79).jpg,4
D4bS1 (80).jpg,4
D5bS1 (1).jpg,4
D5bS1 (2).jpg,5
D5bS1 (3).jpg,5
D5bS1 (4).jpg,4
D5bS1 (5).jpg,4
D5bS1 (6).jpg,4
D5bS1 (7).jpg,4
D5bS1 (8).jpg,4
D5bS1 (9).jpg,4
D5bS1 (10).jpg,4
D5bS1 (11).jpg,4
D5bS1 (12).jpg,4
D5bS1 (13).jpg,4
D5bS1 (14).jpg,4
D5bS1 (15).jpg,4
D5bS1 (16).jpg,4
D5bS1 (17).jpg,4
D5bS1 (18).jpg,4
D5bS1 (19).jpg,4
D5bS1 (20).jpg,4
D5bS1 (21).jpg,4
D5bS1 (22).jpg,4
D5bS1 (23).jpg,4
D5bS1 (24).jpg,5
D5bS1 (25).jpg,4
D5bS1 (26).jpg,4
D5bS1 (27).jpg,4
D5bS1 (28).jpg,4
D5bS1 (29).jpg,4
D5bS1 (30).jpg,4
D5bS1 (31).jpg,4
D5bS1 (32).jpg,4
D5bS1 (33).jpg,4
D5bS1 (34).jpg,4
D5bS1 (35).jpg,4
D5bS1 (36).jpg,4
D5bS1 (37).jpg,4
D5bS1 (38).jpg,4
D5bS1 (39).jpg,4
D5bS1 (40).jpg,5
D5bS1 (41).jpg,4
D5bS1 (42).jpg,4
D5bS1 (43).jpg,4
D5bS1 (44).jpg,4
D5bS1 (45).jpg,4
D5bS1 (46).jpg,4
D5bS1 (47).jpg,4
D5bS1 (48).jpg,5
D5bS1 (49).jpg,4
D5bS1 (50).jpg,4
D5bS1 (51).jpg,4
D5bS1 (52).jpg,4
D5bS1 (53).jpg,4
D5bS1 (54).jpg,4
D5bS1 (55).jpg,4
D5bS1 (56).jpg,5
D5bS1 (57).jpg,4
D5bS1 (58).jpg,4
D5bS1 (59).jpg,5
D5bS1 (60).jpg,4
D5bS1 (61).jpg,4
D5bS1 (62).jpg,4
D5bS1 (63).jpg,4
D5bS1 (64).jpg,4
D5bS1 (65).jpg,5
D5bS1 (66).jpg,4
D5bS1 (67).jpg,4
D5bS1 (68).jpg,4
D5bS1 (69).jpg,4
D5bS1 (70).jpg,4
D5bS1 (71).jpg,4
D5bS1 (72).jpg,4
D5bS1 (73).jpg,5
D5bS1 (74).jpg,4
D5bS1 (75).jpg,5
D5bS1 (76).jpg,4
D5bS1 (77).jpg,4
D5bS1 (78).jpg,5
D5bS1 (79).jpg,4
D5bS1 (80).jpg,4
D6bS1 (1).jpg,5
D6bS1 (2).jpg,5
D6bS1 (3).jpg,5
D6bS1 (4).jpg,4
D6bS1 (5).jpg,5
D6bS1 (6).jpg,4
D6bS1 (7).jpg,4
D6bS1 (8).jpg,4
D6bS1 (9).jpg,4
D6bS1 (10).jpg,4
D6bS1 (11).jpg,4
D6bS1 (12).jpg,4
D6bS1 (13).jpg,4
D6bS1 (14).jpg,5
D6bS1 (15).jpg,5
D6bS1 (16).jpg,4
D6bS1 (17).jpg,4
D6bS1 (18).jpg,4
D6bS1 (19).jpg,4
D6bS1 (20).jpg,5
D6bS1 (21).jpg,5
D6bS1 (22).jpg,5
D6bS1 (23).jpg,5
D6bS1 (24).jpg,5
D6bS1 (25).jpg,4
D6bS1 (26).jpg,5
D6bS1 (27).jpg,4
D6bS1 (28).jpg,5
D6bS1 (29).jpg,4
D6bS1 (30).jpg,4
D6bS1 (31).jpg,4
D6bS1 (32).jpg,5
D6bS1 (33).jpg,5
D6bS1 (34).jpg,5
D6bS1 (35).jpg,5
D6bS1 (36).jpg,4
D6bS1 (37).jpg,4
D6bS1 (38).jpg,4
D6bS1 (39).jpg,4
D6bS1 (40).jpg,5
D6bS1 (41).jpg,4
D6bS1 (42).jpg,4
D6bS1 (43).jpg,4
D6bS1 (44).jpg,4
D6bS1 (45).jpg,4
D6bS1 (46).jpg,4
D6bS1 (47).jpg,4
D6bS1 (48).jpg,5
D6bS1 (49).jpg,5
D6bS1 (50).jpg,5
D6bS1 (51).jpg,4
D6bS1 (52).jpg,4
D6bS1 (53).jpg,4
D6bS1 (54).jpg,5
D6bS1 (55).jpg,5
D6bS1 (56).jpg,4
D6bS1 (57).jpg,4
D6bS1 (58).jpg,4
D6bS1 (59).jpg,5
D6bS1 (60).jpg,4
D6bS1 (61).jpg,4
D6bS1 (62).jpg,4
D6bS1 (63).jpg,4
D6bS1 (64).jpg,5
D6bS1 (65).jpg,5
D6bS1 (66).jpg,4
D6bS1 (67).jpg,5
D6bS1 (68).jpg,4
D6bS1 (69).jpg,5
D6bS1 (70).jpg,5
D6bS1 (71).jpg,4
D6bS1 (72).jpg,5
D6bS1 (73).jpg,4
D6bS1 (74).jpg,4
D6bS1 (75).jpg,5
D6bS1 (76).jpg,5
D6bS1 (77).jpg,4
D6bS1 (78).jpg,5
D6bS1 (79).jpg,5
D6bS1 (80).jpg,4
D7bS1 (1).jpg,5
D7bS1 (2).jpg,5
D7bS1 (3).jpg,6
D7bS1 (4).jpg,5
D7bS1 (5).jpg,5
D7bS1 (6).jpg,4
D7bS1 (7).jpg,5
D7bS1 (8).jpg,5
D7bS1 (9).jpg,5
D7bS1 (10).jpg,5
D7bS1 (11).jpg,5
D7bS1 (12).jpg,4
D7bS1 (13).jpg,4
D7bS1 (14).jpg,5
D7bS1 (15).jpg,5
D7bS1 (16).jpg,5
D7bS1 (17).jpg,4
D7bS1 (18).jpg,5
D7bS1 (19).jpg,5
D7bS1 (20).jpg,5
D7bS1 (21).jpg,5
D7bS1 (22).jpg,5
D7bS1 (23).jpg,5
D7bS1 (24).jpg,5
D7bS1 (25).jpg,5
D7bS1 (26).jpg,5
D7bS1 (27).jpg,5
D7bS1 (28).jpg,5
D7bS1 (29).jpg,5
D7bS1 (30).jpg,5
D7bS1 (31).jpg,4
D7bS1 (32).jpg,5
D7bS1 (33).jpg,5
D7bS1 (34).jpg,5
D7bS1 (35).jpg,5
D7bS1 (36).jpg,5
D7bS1 (37).jpg,5
D7bS1 (38).jpg,5
D7bS1 (39).jpg,5
D7bS1 (40).jpg,5
D7bS1 (41).jpg,5
D7bS1 (42).jpg,5
D7bS1 (43).jpg,5
D7bS1 (44).jpg,5
D7bS1 (45).jpg,4
D7bS1 (46).jpg,5
D7bS1 (47).jpg,5
D7bS1 (48).jpg,5
D7bS1 (49).jpg,5
D7bS1 (50).jpg,5
D7bS1 (51).jpg,5
D7bS1 (52).jpg,5
D7bS1 (53).jpg,4
D7bS1 (54).jpg,5
D7bS1 (55).jpg,5
D7bS1 (56).jpg,5
D7bS1 (57).jpg,4
D7bS1 (58).jpg,5
D7bS1 (59).jpg,4
D7bS1 (60).jpg,5
D7bS1 (61).jpg,5
D7bS1 (62).jpg,5
D7bS1 (63).jpg,5
D7bS1 (64).jpg,5
D7bS1 (65).jpg,5
D7bS1 (66).jpg,5
D7bS1 (67).jpg,5
D7bS1 (68).jpg,5
D7bS1 (69).jpg,5
D7bS1 (70).jpg,5
D7bS1 (71).jpg,5
D7bS1 (72).jpg,5
D7bS1 (73).jpg,5
D7bS1 (74).jpg,4
D7bS1 (75).jpg,5
D7bS1 (76).jpg,5
D7bS1 (77).jpg,5
D7bS1 (78).jpg,5
D7bS1 (79).jpg,5
D7bS1 (80).jpg,4
D8bS1 (1).jpg,5
D8bS1 (2).jpg,5
D8bS1 (3).jpg,6
D8bS1 (4).jpg,5
D8bS1 (5).jpg,5
D8bS1 (6).jpg,5
D8bS1 (7).jpg,5
D8bS1 (8).jpg,5
D8bS1 (9).jpg,5
D8bS1 (10).jpg,5
D8bS1 (11).jpg,5
D8bS1 (12).jpg,5
D8bS1 (13).jpg,5
D8bS1 (14).jpg,5
D8bS1 (15).jpg,5
D8bS1 (16).jpg,5
D8bS1 (17).jpg,5
D8bS1 (18).jpg,5
D8bS1 (19).jpg,5
D8bS1 (20).jpg,6
D8bS1 (21).jpg,5
D8bS1 (22).jpg,5
D8bS1 (23).jpg,5
D8bS1 (24).jpg,6
D8bS1 (25).jpg,5
D8bS1 (26).jpg,5
D8bS1 (27).jpg,5
D8bS1 (28).jpg,5
D8bS1 (29).jpg,6
D8bS1 (30).jpg,4
D8bS1 (31).jpg,5
D8bS1 (32).jpg,5
D8bS1 (33).jpg,5
D8bS1 (34).jpg,5
D8bS1 (35).jpg,5
D8bS1 (36).jpg,5
D8bS1 (37).jpg,5
D8bS1 (38).jpg,5
D8bS1 (39).jpg,5
D8bS1 (40).jpg,5
D8bS1 (41).jpg,5
D8bS1 (42).jpg,5
D8bS1 (43).jpg,5
D8bS1 (44).jpg,5
D8bS1 (45).jpg,5
D8bS1 (46).jpg,5
D8bS1 (47).jpg,5
D8bS1 (48).jpg,6
D8bS1 (49).jpg,6
D8bS1 (50).jpg,5
D8bS1 (51).jpg,5
D8bS1 (52).jpg,5
D8bS1 (53).jpg,5
D8bS1 (54).jpg,6
D8bS1 (55).jpg,5
D8bS1 (56).jpg,5
D8bS1 (57).jpg,5
D8bS1 (58).jpg,5
D8bS1 (59).jpg,6
D8bS1 (60).jpg,5
D8bS1 (61).jpg,5
D8bS1 (62).jpg,5
D8bS1 (63).jpg,5
D8bS1 (64).jpg,5
D8bS1 (65).jpg,6
D8bS1 (66).jpg,6
D8bS1 (67).jpg,5
D8bS1 (68).jpg,5
D8bS1 (69).jpg,5
D8bS1 (70).jpg,5
D8bS1 (71).jpg,5
D8bS1 (72).jpg,5
D8bS1 (73).jpg,6
D8bS1 (74).jpg,4
D8bS1 (75).jpg,6
D8bS1 (76).jpg,6
D8bS1 (77).jpg,5
D8bS1 (78).jpg,6
D8bS1 (79).jpg,5
D8bS1 (80).jpg,5
D9bS1 (1).jpg,5
D9bS1 (2).jpg,5
D9bS1 (3).jpg,5
D9bS1 (4).jpg,5
D9bS1 (5).jpg,4
D9bS1 (6).jpg,5
D9bS1 (7).jpg,5
D9bS1 (8).jpg,6
D9bS1 (9).jpg,5
D9bS1 (10).jpg,5
D9bS1 (11).jpg,6
D9bS1 (12).jpg,5
D9bS1 (13).jpg,5
D9bS1 (14).jpg,6
D9bS1 (15).jpg,5
D9bS1 (16).jpg,5
D9bS1 (17).jpg,5
D9bS1 (18).jpg,5
D9bS1 (19).jpg,5
D9bS1 (20).jpg,6
D9bS1 (21).jpg,5
D9bS1 (22).jpg,5
D9bS1 (23).jpg,5
D9bS1 (24).jpg,6
D9bS1 (25).jpg,5
D9bS1 (26).jpg,5
D9bS1 (27).jpg,6
D9bS1 (28).jpg,6
D9bS1 (29).jpg,6
D9bS1 (30).jpg,4
D9bS1 (31).jpg,5
D9bS1 (32).jpg,6
D9bS1 (33).jpg,6
D9bS1 (34).jpg,5
D9bS1 (35).jpg,4
D9bS1 (36).jpg,5
D9bS1 (37).jpg,6
D9bS1 (38).jpg,5
D9bS1 (39).jpg,5
D9bS1 (40).jpg,6
D9bS1 (41).jpg,6
D9bS1 (42).jpg,5
D9bS1 (43).jpg,5
D9bS1 (44).jpg,5
D9bS1 (45).jpg,6
D9bS1 (46).jpg,5
D9bS1 (47).jpg,5
D9bS1 (48).jpg,6
D9bS1 (49).jpg,6
D9bS1 (50).jpg,6
D9bS1 (51).jpg,5
D9bS1 (52).jpg,5
D9bS1 (53).jpg,5
D9bS1 (54).jpg,6
D9bS1 (55).jpg,5
D9bS1 (56).jpg,6
D9bS1 (57).jpg,5
D9bS1 (58).jpg,6
D9bS1 (59).jpg,6
D9bS1 (60).jpg,5
D9bS1 (61).jpg,5
D9bS1 (62).jpg,5
D9bS1 (63).jpg,5
D9bS1 (64).jpg,5
D9bS1 (65).jpg,6
D9bS1 (66).jpg,6
D9bS1 (67).jpg,5
D9bS1 (68).jpg,5
D9bS1 (69).jpg,5
D9bS1 (70).jpg,5
D9bS1 (71).jpg,6
D9bS1 (72).jpg,6
D9bS1 (73).jpg,6
D9bS1 (74).jpg,4
D9bS1 (75).jpg,6
D9bS1 (76).jpg,6
D9bS1 (77).jpg,5
D9bS1 (78).jpg,6
D9bS1 (79).jpg,6
D9bS1 (80).jpg,5
D10bS1 (1).jpg,5
D10bS1 (2).jpg,6
D10bS1 (3).jpg,6
D10bS1 (4).jpg,5
D10bS1 (5).jpg,6
D10bS1 (6).jpg,6
D10bS1 (7).jpg,5
D10bS1 (8).jpg,6
D10bS1 (9).jpg,6
D10bS1 (10).jpg,5
D10bS1 (11).jpg,4
D10bS1 (12).jpg,4
D10bS1 (13).jpg,5
D10bS1 (14).jpg,6
D10bS1 (15).jpg,6
D10bS1 (16).jpg,6
D10bS1 (17).jpg,5
D10bS1 (18).jpg,5
D10bS1 (19).jpg,5
D10bS1 (20).jpg,6
D10bS1 (21).jpg,6
D10bS1 (22).jpg,6
D10bS1 (23).jpg,6
D10bS1 (24).jpg,6
D10bS1 (25).jpg,5
D10bS1 (26).jpg,5
D10bS1 (27).jpg,5
D10bS1 (28).jpg,6
D10bS1 (29).jpg,6
D10bS1 (30).jpg,5
D10bS1 (31).jpg,5
D10bS1 (32).jpg,6
D10bS1 (33).jpg,6
D10bS1 (34).jpg,6
D10bS1 (35).jpg,6
D10bS1 (36).jpg,6
D10bS1 (37).jpg,6
D10bS1 (38).jpg,6
D10bS1 (39).jpg,6
D10bS1 (40).jpg,6
D10bS1 (41).jpg,6
D10bS1 (42).jpg,5
D10bS1 (43).jpg,6
D10bS1 (44).jpg,6
D10bS1 (45).jpg,6
D10bS1 (46).jpg,5
D10bS1 (47).jpg,6
D10bS1 (48).jpg,6
D10bS1 (49).jpg,7
D10bS1 (50).jpg,6
D10bS1 (51).jpg,6
D10bS1 (52).jpg,6
D10bS1 (53).jpg,6
D10bS1 (54).jpg,5
D10bS1 (55).jpg,6
D10bS1 (56).jpg,6
D10bS1 (57).jpg,5
D10bS1 (58).jpg,6
D10bS1 (59).jpg,6
D10bS1 (60).jpg,4
D10bS1 (61).jpg,5
D10bS1 (62).jpg,5
D10bS1 (63).jpg,6
D10bS1 (64).jpg,6
D10bS1 (65).jpg,6
D10bS1 (66).jpg,5
D10bS1 (67).jpg,6
D10bS1 (68).jpg,5
D10bS1 (69).jpg,6
D10bS1 (70).jpg,6
D10bS1 (71).jpg,6
D10bS1 (72).jpg,6
D10bS1 (73).jpg,6
D10bS1 (74).jpg,5
D10bS1 (75).jpg,6
D10bS1 (76).jpg,6
D10bS1 (77).jpg,5
D10bS1 (78).jpg,6
D10bS1 (79).jpg,5
D10bS1 (80).jpg,5
D11bS1 (1).jpg,6
D11bS1 (2).jpg,6
D11bS1 (3).jpg,7
D11bS1 (4).jpg,6
D11bS1 (5).jpg,6
D11bS1 (6).jpg,5
D11bS1 (7).jpg,6
D11bS1 (8).jpg,6
D11bS1 (9).jpg,6
D11bS1 (10).jpg,6
D11bS1 (11).jpg,6
D11bS1 (12).jpg,6
D11bS1 (13).jpg,5
D11bS1 (14).jpg,6
D11bS1 (15).jpg,6
D11bS1 (16).jpg,5
D11bS1 (17).jpg,6
D11bS1 (18).jpg,6
D11bS1 (19).jpg,6
D11bS1 (20).jpg,6
D11bS1 (21).jpg,6
D11bS1 (22).jpg,4
D11bS1 (23).jpg,6
D11bS1 (24).jpg,7
D11bS1 (25).jpg,6
D11bS1 (26).jpg,6
D11bS1 (27).jpg,6
D11bS1 (28).jpg,6
D11bS1 (29).jpg,7
D11bS1 (30).jpg,6
D11bS1 (31).jpg,6
D11bS1 (32).jpg,6
D11bS1 (33).jpg,6
D11bS1 (34).jpg,6
D11bS1 (35).jpg,5
D11bS1 (36).jpg,5
D11bS1 (37).jpg,6
D11bS1 (38).jpg,6
D11bS1 (39).jpg,6
D11bS1 (40).jpg,6
D11bS1 (41).jpg,6
D11bS1 (42).jpg,6
D11bS1 (43).jpg,6
D11bS1 (44).jpg,6
D11bS1 (45).jpg,6
D11bS1 (46).jpg,6
D11bS1 (47).jpg,6
D11bS1 (48).jpg,7
D11bS1 (49).jpg,6
D11bS1 (50).jpg,6
D11bS1 (51).jpg,5
D11bS1 (52).jpg,6
D11bS1 (53).jpg,6
D11bS1 (54).jpg,5
D11bS1 (55).jpg,5
D11bS1 (56).jpg,5
D11bS1 (57).jpg,6
D11bS1 (58).jpg,6
D11bS1 (59).jpg,6
D11bS1 (60).jpg,5
D11bS1 (61).jpg,6
D11bS1 (62).jpg,6
D11bS1 (63).jpg,6
D11bS1 (64).jpg,5
D11bS1 (65).jpg,6
D11bS1 (66).jpg,6
D11bS1 (67).jpg,6
D11bS1 (68).jpg,5
D11bS1 (69).jpg,6
D11bS1 (70).jpg,7
D11bS1 (71).jpg,6
D11bS1 (72).jpg,6
D11bS1 (73).jpg,7
D11bS1 (74).jpg,6
D11bS1 (75).jpg,7
D11bS1 (76).jpg,6
D11bS1 (77).jpg,6
D11bS1 (78).jpg,7
D11bS1 (79).jpg,6
D11bS1 (80).jpg,6
D12bS1 (1).jpg,7
D12bS1 (2).jpg,6
D12bS1 (3).jpg,7
D12bS1 (4).jpg,5
D12bS1 (5).jpg,5
D12bS1 (6).jpg,6
D12bS1 (7).jpg,6
D12bS1 (8).jpg,6
D12bS1 (9).jpg,6
D12bS1 (10).jpg,6
D12bS1 (11).jpg,5
D12bS1 (12).jpg,5
D12bS1 (13).jpg,6
D12bS1 (14).jpg,6
D12bS1 (15).jpg,6
D12bS1 (16).jpg,5
D12bS1 (17).jpg,5
D12bS1 (18).jpg,6
D12bS1 (19).jpg,6
D12bS1 (20).jpg,7
D12bS1 (21).jpg,7
D12bS1 (22).jpg,5
D12bS1 (23).jpg,7
D12bS1 (24).jpg,6
D12bS1 (25).jpg,7
D12bS1 (26).jpg,6
D12bS1 (27).jpg,6
D12bS1 (28).jpg,7
D12bS1 (29).jpg,7
D12bS1 (30).jpg,6
D12bS1 (31).jpg,5
D12bS1 (32).jpg,7
D12bS1 (33).jpg,7
D12bS1 (34).jpg,6
D12bS1 (35).jpg,5
D12bS1 (36).jpg,6
D12bS1 (37).jpg,7
D12bS1 (38).jpg,7
D12bS1 (39).jpg,5
D12bS1 (40).jpg,7
D12bS1 (41).jpg,7
D12bS1 (42).jpg,6
D12bS1 (43).jpg,7
D12bS1 (44).jpg,6
D12bS1 (45).jpg,7
D12bS1 (46).jpg,6
D12bS1 (47).jpg,7
D12bS1 (48).jpg,7
D12bS1 (49).jpg,7
D12bS1 (50).jpg,7
D12bS1 (51).jpg,6
D12bS1 (52).jpg,6
D12bS1 (53).jpg,6
D12bS1 (54).jpg,7
D12bS1 (55).jpg,6
D12bS1 (56).jpg,7
D12bS1 (57).jpg,6
D12bS1 (58).jpg,6
D12bS1 (59).jpg,7
D12bS1 (60).jpg,6
D12bS1 (61).jpg,6
D12bS1 (62).jpg,6
D12bS1 (63).jpg,5
D12bS1 (64).jpg,6
D12bS1 (65).jpg,7
D12bS1 (66).jpg,7
D12bS1 (67).jpg,7
D12bS1 (68).jpg,6
D12bS1 (69).jpg,7
D12bS1 (70).jpg,7
D12bS1 (71).jpg,7
D12bS1 (72).jpg,7
D12bS1 (73).jpg,6
D12bS1 (74).jpg,6
D12bS1 (75).jpg,7
D12bS1 (76).jpg,7
D12bS1 (77).jpg,5
D12bS1 (78).jpg,6
D12bS1 (79).jpg,7
D12bS1 (80).jpg,6
D13bS1 (1).jpg,7
D13bS1 (2).jpg,7
D13bS1 (3).jpg,8
D13bS1 (4).jpg,6
D13bS1 (5).jpg,6
D13bS1 (6).jpg,7
D13bS1 (7).jpg,7
D13bS1 (8).jpg,7
D13bS1 (9).jpg,6
D13bS1 (10).jpg,7
D13bS1 (11).jpg,7
D13bS1 (12).jpg,6
D13bS1 (13).jpg,6
D13bS1 (14).jpg,7
D13bS1 (15).jpg,7
D13bS1 (16).jpg,7
D13bS1 (17).jpg,6
D13bS1 (18).jpg,7
D13bS1 (19).jpg,8
D13bS1 (20).jpg,6
D13bS1 (21).jpg,7
D13bS1 (22).jpg,7
D13bS1 (23).jpg,8
D13bS1 (24).jpg,7
D13bS1 (25).jpg,7
D13bS1 (26).jpg,7
D13bS1 (27).jpg,7
D13bS1 (28).jpg,7
D13bS1 (29).jpg,6
D13bS1 (30).jpg,7
D13bS1 (31).jpg,7
D13bS1 (32).jpg,7
D13bS1 (33).jpg,7
D13bS1 (34).jpg,6
D13bS1 (35).jpg,6
D13bS1 (36).jpg,7
D13bS1 (37).jpg,7
D13bS1 (38).jpg,7
D13bS1 (39).jpg,7
D13bS1 (40).jpg,6
D13bS1 (41).jpg,6
D13bS1 (42).jpg,7
D13bS1 (43).jpg,7
D13bS1 (44).jpg,6
D13bS1 (45).jpg,7
D13bS1 (46).jpg,6
D13bS1 (47).jpg,7
D13bS1 (48).jpg,7
D13bS1 (49).jpg,8
D13bS1 (50).jpg,7
D13bS1 (51).jpg,7
D13bS1 (52).jpg,7
D13bS1 (53).jpg,7
D13bS1 (54).jpg,6
D13bS1 (55).jpg,7
D13bS1 (56).jpg,7
D13bS1 (57).jpg,7
D13bS1 (58).jpg,7
D13bS1 (59).jpg,7
D13bS1 (60).jpg,5
D13bS1 (61).jpg,6
D13bS1 (62).jpg,6
D13bS1 (63).jpg,7
D13bS1 (64).jpg,7
D13bS1 (65).jpg,7
D13bS1 (66).jpg,7
D13bS1 (67).jpg,6
D13bS1 (68).jpg,5
D13bS1 (69).jpg,7
D13bS1 (70).jpg,7
D13bS1 (71).jpg,7
D13bS1 (72).jpg,7
D13bS1 (73).jpg,7
D13bS1 (74).jpg,6
D13bS1 (75).jpg,7
D13bS1 (76).jpg,7
D13bS1 (77).jpg,6
D13bS1 (78).jpg,8
D13bS1 (79).jpg,7
D13bS1 (80).jpg,6
D14bS1 (1).jpg,7
D14bS1 (2).jpg,7
D14bS1 (3).jpg,8
D14bS1 (4).jpg,7
D14bS1 (5).jpg,6
D14bS1 (6).jpg,7
D14bS1 (7).jpg,7
D14bS1 (8).jpg,7
D14bS1 (9).jpg,7
D14bS1 (10).jpg,6
D14bS1 (11).jpg,7
D14bS1 (12).jpg,7
D14bS1 (13).jpg,6
D14bS1 (14).jpg,8
D14bS1 (15).jpg,7
D14bS1 (16).jpg,7
D14bS1 (17).jpg,7
D14bS1 (18).jpg,7
D14bS1 (19).jpg,7
D14bS1 (20).jpg,7
D14bS1 (21).jpg,7
D14bS1 (22).jpg,7
D14bS1 (23).jpg,6
D14bS1 (24).jpg,8
D14bS1 (25).jpg,8
D14bS1 (26).jpg,7
D14bS1 (27).jpg,7
D14bS1 (28).jpg,7
D14bS1 (29).jpg,7
D14bS1 (30).jpg,6
D14bS1 (31).jpg,7
D14bS1 (32).jpg,7
D14bS1 (33).jpg,7
D14bS1 (34).jpg,7
D14bS1 (35).jpg,7
D14bS1 (36).jpg,6
D14bS1 (37).jpg,7
D14bS1 (38).jpg,7
D14bS1 (39).jpg,6
D14bS1 (40).jpg,7
D14bS1 (41).jpg,8
D14bS1 (42).jpg,7
D14bS1 (43).jpg,7
D14bS1 (44).jpg,7
D14bS1 (45).jpg,7
D14bS1 (46).jpg,7
D14bS1 (47).jpg,7
D14bS1 (48).jpg,7
D14bS1 (49).jpg,8
D14bS1 (50).jpg,7
D14bS1 (51).jpg,6
D14bS1 (52).jpg,7
D14bS1 (53).jpg,7
D14bS1 (54).jpg,7
D14bS1 (55).jpg,7
D14bS1 (56).jpg,8
D14bS1 (57).jpg,5
D14bS1 (58).jpg,7
D14bS1 (59).jpg,8
D14bS1 (60).jpg,7
D14bS1 (61).jpg,6
D14bS1 (62).jpg,7
D14bS1 (63).jpg,8
D14bS1 (64).jpg,7
D14bS1 (65).jpg,6
D14bS1 (66).jpg,7
D14bS1 (67).jpg,7
D14bS1 (68).jpg,4
D14bS1 (69).jpg,7
D14bS1 (70).jpg,8
D14bS1 (71).jpg,8
D14bS1 (72).jpg,8
D14bS1 (73).jpg,8
D14bS1 (74).jpg,6
D14bS1 (75).jpg,8
D14bS1 (76).jpg,7
D14bS1 (77).jpg,7
D14bS1 (78).jpg,7
D14bS1 (79).jpg,7
D14bS1 (80).jpg,7
D15bS1 (1).jpg,7
D15bS1 (2).jpg,7
D15bS1 (3).jpg,7
D15bS1 (4).jpg,7
D15bS1 (5).jpg,7
D15bS1 (6).jpg,7
D15bS1 (7).jpg,5
D15bS1 (8).jpg,8
D15bS1 (9).jpg,8
D15bS1 (10).jpg,6
D15bS1 (11).jpg,8
D15bS1 (12).jpg,7
D15bS1 (13).jpg,6
D15bS1 (14).jpg,8
D15bS1 (15).jpg,6
D15bS1 (16).jpg,7
D15bS1 (17).jpg,7
D15bS1 (18).jpg,6
D15bS1 (19).jpg,7
D15bS1 (20).jpg,8
D15bS1 (21).jpg,7
D15bS1 (22).jpg,7
D15bS1 (23).jpg,7
D15bS1 (24).jpg,9
D15bS1 (25).jpg,8
D15bS1 (26).jpg,7
D15bS1 (27).jpg,7
D15bS1 (28).jpg,7
D15bS1 (29).jpg,8
D15bS1 (30).jpg,7
D15bS1 (31).jpg,7
D15bS1 (32).jpg,7
D15bS1 (33).jpg,6
D15bS1 (34).jpg,7
D15bS1 (35).jpg,7
D15bS1 (36).jpg,7
D15bS1 (37).jpg,8
D15bS1 (38).jpg,8
D15bS1 (39).jpg,7
D15bS1 (40).jpg,7
D15bS1 (41).jpg,8
D15bS1 (42).jpg,7
D15bS1 (43).jpg,7
D15bS1 (44).jpg,7
D15bS1 (45).jpg,7
D15bS1 (46).jpg,7
D15bS1 (47).jpg,8
D15bS1 (48).jpg,8
D15bS1 (49).jpg,9
D15bS1 (50).jpg,7
D15bS1 (51).jpg,6
D15bS1 (52).jpg,7
D15bS1 (53).jpg,7
D15bS1 (54).jpg,7
D15bS1 (55).jpg,8
D15bS1 (56).jpg,7
D15bS1 (57).jpg,6
D15bS1 (58).jpg,7
D15bS1 (59).jpg,5
D15bS1 (60).jpg,7
D15bS1 (61).jpg,7
D15bS1 (62).jpg,6
D15bS1 (63).jpg,8
D15bS1 (64).jpg,7
D15bS1 (65).jpg,7
D15bS1 (66).jpg,7
D15bS1 (67).jpg,8
D15bS1 (68).jpg,4
D15bS1 (69).jpg,8
D15bS1 (70).jpg,8
D15bS1 (71).jpg,7
D15bS1 (72).jpg,8
D15bS1 (73).jpg,8
D15bS1 (74).jpg,5
D15bS1 (75).jpg,7
D15bS1 (76).jpg,8
D15bS1 (77).jpg,7
D15bS1 (78).jpg,7
D15bS1 (79).jpg,8
D15bS1 (80).jpg,7
D16bS1 (1).jpg,6
D16bS1 (2).jpg,8
D16bS1 (3).jpg,8
D16bS1 (4).jpg,7
D16bS1 (5).jpg,7
D16bS1 (6).jpg,7
D16bS1 (7).jpg,7
D16bS1 (8).jpg,8
D16bS1 (9).jpg,8
D16bS1 (10).jpg,7
D16bS1 (11).jpg,6
D16bS1 (12).jpg,7
D16bS1 (13).jpg,6
D16bS1 (14).jpg,8
D16bS1 (15).jpg,7
D16bS1 (16).jpg,7
D16bS1 (17).jpg,7
D16bS1 (18).jpg,7
D16bS1 (19).jpg,7
D16bS1 (20).jpg,8
D16bS1 (21).jpg,7
D16bS1 (22).jpg,6
D16bS1 (23).jpg,8
D16bS1 (24).jpg,9
D16bS1 (25).jpg,8
D16bS1 (26).jpg,7
D16bS1 (27).jpg,7
D16bS1 (28).jpg,8
D16bS1 (29).jpg,8
D16bS1 (30).jpg,6
D16bS1 (31).jpg,7
D16bS1 (32).jpg,8
D16bS1 (33).jpg,8
D16bS1 (34).jpg,7
D16bS1 (35).jpg,8
D16bS1 (36).jpg,8
D16bS1 (37).jpg,7
D16bS1 (38).jpg,8
D16bS1 (39).jpg,7
D16bS1 (40).jpg,7
D16bS1 (41).jpg,8
D16bS1 (42).jpg,8
D16bS1 (43).jpg,8
D16bS1 (44).jpg,6
D16bS1 (45).jpg,7
D16bS1 (46).jpg,8
D16bS1 (47).jpg,8
D16bS1 (48).jpg,8
D16bS1 (49).jpg,8
D16bS1 (50).jpg,6
D16bS1 (51).jpg,7
D16bS1 (52).jpg,8
D16bS1 (53).jpg,7
D16bS1 (54).jpg,8
D16bS1 (55).jpg,7
D16bS1 (56).jpg,9
D16bS1 (57).jpg,7
D16bS1 (58).jpg,8
D16bS1 (59).jpg,9
D16bS1 (60).jpg,7
D16bS1 (61).jpg,7
D16bS1 (62).jpg,6
D16bS1 (63).jpg,8
D16bS1 (64).jpg,7
D16bS1 (65).jpg,8
D16bS1 (66).jpg,8
D16bS1 (67).jpg,7
D16bS1 (68).jpg,4
D16bS1 (69).jpg,7
D16bS1 (70).jpg,8
D16bS1 (71).jpg,6
D16bS1 (72).jpg,8
D16bS1 (73).jpg,9
D16bS1 (74).jpg,6
D16bS1 (75).jpg,7
D16bS1 (76).jpg,8
D16bS1 (77).jpg,7
D16bS1 (78).jpg,8
D16bS1 (79).jpg,8
D16bS1 (80).jpg,7
D17bS1 (1).jpg,8
D17bS1 (2).jpg,8
D17bS1 (3).jpg,9
D17bS1 (4).jpg,8
D17bS1 (5).jpg,7
D17bS1 (6).jpg,6
D17bS1 (7).jpg,8
D17bS1 (8).jpg,8
D17bS1 (9).jpg,8
D17bS1 (10).jpg,8
D17bS1 (11).jpg,8
D17bS1 (12).jpg,7
D17bS1 (13).jpg,7
D17bS1 (14).jpg,8
D17bS1 (15).jpg,8
D17bS1 (16).jpg,8
D17bS1 (17).jpg,7
D17bS1 (18).jpg,7
D17bS1 (19).jpg,7
D17bS1 (20).jpg,8
D17bS1 (21).jpg,7
D17bS1 (22).jpg,8
D17bS1 (23).jpg,8
D17bS1 (24).jpg,8
D17bS1 (25).jpg,8
D17bS1 (26).jpg,6
D17bS1 (27).jpg,7
D17bS1 (28).jpg,8
D17bS1 (29).jpg,8
D17bS1 (30).jpg,7
D17bS1 (31).jpg,7
D17bS1 (32).jpg,8
D17bS1 (33).jpg,6
D17bS1 (34).jpg,8
D17bS1 (35).jpg,8
D17bS1 (36).jpg,7
D17bS1 (37).jpg,8
D17bS1 (38).jpg,8
D17bS1 (39).jpg,8
D17bS1 (40).jpg,8
D17bS1 (41).jpg,9
D17bS1 (42).jpg,9
D17bS1 (43).jpg,8
D17bS1 (44).jpg,8
D17bS1 (45).jpg,8
D17bS1 (46).jpg,8
D17bS1 (47).jpg,7
D17bS1 (48).jpg,9
D17bS1 (49).jpg,10
D17bS1 (50).jpg,8
D17bS1 (51).jpg,8
D17bS1 (52).jpg,8
D17bS1 (53).jpg,8
D17bS1 (54).jpg,9
D17bS1 (55).jpg,8
D17bS1 (56).jpg,8
D17bS1 (57).jpg,7
D17bS1 (58).jpg,8
D17bS1 (59).jpg,9
D17bS1 (60).jpg,8
D17bS1 (61).jpg,7
D17bS1 (62).jpg,7
D17bS1 (63).jpg,8
D17bS1 (64).jpg,8
D17bS1 (65).jpg,8
D17bS1 (66).jpg,7
D17bS1 (67).jpg,7
D17bS1 (68).jpg,4
D17bS1 (69).jpg,7
D17bS1 (70).jpg,8
D17bS1 (71).jpg,7
D17bS1 (72).jpg,8
D17bS1 (73).jpg,9
D17bS1 (74).jpg,6
D17bS1 (75).jpg,7
D17bS1 (76).jpg,7
D17bS1 (77).jpg,8
D17bS1 (78).jpg,9
D17bS1 (79).jpg,8
D17bS1 (80).jpg,7
D18bS1 (1).jpg,8
D18bS1 (2).jpg,8
D18bS1 (3).jpg,9
D18bS1 (4).jpg,8
D18bS1 (5).jpg,7
D18bS1 (6).jpg,8
D18bS1 (7).jpg,8
D18bS1 (8).jpg,9
D18bS1 (9).jpg,8
D18bS1 (10).jpg,8
D18bS1 (11).jpg,8
D18bS1 (12).jpg,8
D18bS1 (13).jpg,7
D18bS1 (14).jpg,9
D18bS1 (15).jpg,8
D18bS1 (16).jpg,7
D18bS1 (17).jpg,8
D18bS1 (18).jpg,7
D18bS1 (19).jpg,8
D18bS1 (20).jpg,9
D18bS1 (21).jpg,7
D18bS1 (22).jpg,5
D18bS1 (23).jpg,9
D18bS1 (24).jpg,9
D18bS1 (25).jpg,9
D18bS1 (26).jpg,7
D18bS1 (27).jpg,8
D18bS1 (28).jpg,8
D18bS1 (29).jpg,9
D18bS1 (30).jpg,7
D18bS1 (31).jpg,8
D18bS1 (32).jpg,8
D18bS1 (33).jpg,8
D18bS1 (34).jpg,8
D18bS1 (35).jpg,8
D18bS1 (36).jpg,8
D18bS1 (37).jpg,8
D18bS1 (38).jpg,8
D18bS1 (39).jpg,8
D18bS1 (40).jpg,9
D18bS1 (41).jpg,9
D18bS1 (42).jpg,9
D18bS1 (43).jpg,8
D18bS1 (44).jpg,8
D18bS1 (45).jpg,8
D18bS1 (46).jpg,7
D18bS1 (47).jpg,8
D18bS1 (48).jpg,9
D18bS1 (49).jpg,9
D18bS1 (50).jpg,8
D18bS1 (51).jpg,8
D18bS1 (52).jpg,8
D18bS1 (53).jpg,8
D18bS1 (54).jpg,8
D18bS1 (55).jpg,9
D18bS1 (56).jpg,9
D18bS1 (57).jpg,6
D18bS1 (58).jpg,8
D18bS1 (59).jpg,8
D18bS1 (60).jpg,7
D18bS1 (61).jpg,8
D18bS1 (62).jpg,7
D18bS1 (63).jpg,7
D18bS1 (64).jpg,8
D18bS1 (65).jpg,8
D18bS1 (66).jpg,8
D18bS1 (67).jpg,7
D18bS1 (68).jpg,4
D18bS1 (69).jpg,9
D18bS1 (70).jpg,8
D18bS1 (71).jpg,6
D18bS1 (72).jpg,9
D18bS1 (73).jpg,9
D18bS1 (74).jpg,7
D18bS1 (75).jpg,8
D18bS1 (76).jpg,9
D18bS1 (77).jpg,8
D18bS1 (78).jpg,7
D18bS1 (79).jpg,9
D18bS1 (80).jpg,8
D19bS1 (1).jpg,6
D19bS1 (2).jpg,9
D19bS1 (3).jpg,10
D19bS1 (4).jpg,8
D19bS1 (5).jpg,8
D19bS1 (6).jpg,8
D19bS1 (7).jpg,6
D19bS1 (8).jpg,9
D19bS1 (9).jpg,8
D19bS1 (10).jpg,8
D19bS1 (11).jpg,7
D19bS1 (12).jpg,8
D19bS1 (13).jpg,6
D19bS1 (14).jpg,9
D19bS1 (15).jpg,6
D19bS1 (16).jpg,8
D19bS1 (17).jpg,8
D19bS1 (18).jpg,7
D19bS1 (19).jpg,8
D19bS1 (20).jpg,8
D19bS1 (21).jpg,7
D19bS1 (22).jpg,8
D19bS1 (23).jpg,9
D19bS1 (24).jpg,9
D19bS1 (25).jpg,9
D19bS1 (26).jpg,7
D19bS1 (27).jpg,8
D19bS1 (28).jpg,8
D19bS1 (29).jpg,8
D19bS1 (30).jpg,8
D19bS1 (31).jpg,8
D19bS1 (32).jpg,8
D19bS1 (33).jpg,8
D19bS1 (34).jpg,9
D19bS1 (35).jpg,9
D19bS1 (36).jpg,9
D19bS1 (37).jpg,9
D19bS1 (38).jpg,8
D19bS1 (39).jpg,9
D19bS1 (40).jpg,9
D19bS1 (41).jpg,10
D19bS1 (42).jpg,8
D19bS1 (43).jpg,8
D19bS1 (44).jpg,9
D19bS1 (45).jpg,8
D19bS1 (46).jpg,7
D19bS1 (47).jpg,8
D19bS1 (48).jpg,10
D19bS1 (49).jpg,10
D19bS1 (50).jpg,9
D19bS1 (51).jpg,8
D19bS1 (52).jpg,8
D19bS1 (53).jpg,8
D19bS1 (54).jpg,9
D19bS1 (55).jpg,7
D19bS1 (56).jpg,9
D19bS1 (57).jpg,8
D19bS1 (58).jpg,9
D19bS1 (59).jpg,10
D19bS1 (60).jpg,8
D19bS1 (61).jpg,7
D19bS1 (62).jpg,7
D19bS1 (63).jpg,9
D19bS1 (64).jpg,9
D19bS1 (65).jpg,8
D19bS1 (66).jpg,8
D19bS1 (67).jpg,9
D19bS1 (68).jpg,5
D19bS1 (69).jpg,9
D19bS1 (70).jpg,8
D19bS1 (71).jpg,8
D19bS1 (72).jpg,9
D19bS1 (73).jpg,7
D19bS1 (74).jpg,7
D19bS1 (75).jpg,7
D19bS1 (76).jpg,7
D19bS1 (77).jpg,8
D19bS1 (78).jpg,10
D19bS1 (79).jpg,9
D19bS1 (80).jpg,8
D20bS1 (1).jpg,6
D20bS1 (2).jpg,8
D20bS1 (3).jpg,8
D20bS1 (4).jpg,8
D20bS1 (5).jpg,8
D20bS1 (6).jpg,7
D20bS1 (7).jpg,6
D20bS1 (8).jpg,9
D20bS1 (9).jpg,7
D20bS1 (10).jpg,7
D20bS1 (11).jpg,9
D20bS1 (12).jpg,7
D20bS1 (13).jpg,7
D20bS1 (14).jpg,9
D20bS1 (15).jpg,7
D20bS1 (16).jpg,7
D20bS1 (17).jpg,8
D20bS1 (18).jpg,8
D20bS1 (19).jpg,8
D20bS1 (20).jpg,7
D20bS1 (21).jpg,7
D20bS1 (22).jpg,6
D20bS1 (23).jpg,10
D20bS1 (24).jpg,8
D20bS1 (25).jpg,9
D20bS1 (26).jpg,8
D20bS1 (27).jpg,6
D20bS1 (28).jpg,9
D20bS1 (29).jpg,10
D20bS1 (30).jpg,7
D20bS1 (31).jpg,8
D20bS1 (32).jpg,7
D20bS1 (33).jpg,8
D20bS1 (34).jpg,9
D20bS1 (35).jpg,9
D20bS1 (36).jpg,9
D20bS1 (37).jpg,9
D20bS1 (38).jpg,8
D20bS1 (39).jpg,8
D20bS1 (40).jpg,9
D20bS1 (41).jpg,10
D20bS1 (42).jpg,9
D20bS1 (43).jpg,8
D20bS1 (44).jpg,9
D20bS1 (45).jpg,6
D20bS1 (46).jpg,7
D20bS1 (47).jpg,7
D20bS1 (48).jpg,10
D20bS1 (49).jpg,9
D20bS1 (50).jpg,8
D20bS1 (51).jpg,6
D20bS1 (52).jpg,9
D20bS1 (53).jpg,9
D20bS1 (54).jpg,9
D20bS1 (55).jpg,8
D20bS1 (56).jpg,9
D20bS1 (57).jpg,7
D20bS1 (58).jpg,9
D20bS1 (59).jpg,8
D20bS1 (60).jpg,7
D20bS1 (61).jpg,7
D20bS1 (62).jpg,6
D20bS1 (63).jpg,9
D20bS1 (64).jpg,9
D20bS1 (65).jpg,9
D20bS1 (66).jpg,8
D20bS1 (67).jpg,8
D20bS1 (68).jpg,5
D20bS1 (69).jpg,8
D20bS1 (70).jpg,9
D20bS1 (71).jpg,7
D20bS1 (72).jpg,8
D20bS1 (73).jpg,7
D20bS1 (74).jpg,7
D20bS1 (75).jpg,5
D20bS1 (76).jpg,7
D20bS1 (77).jpg,8
D20bS1 (78).jpg,10
D20bS1 (79).jpg,10
D20bS1 (80).jpg,8
